UserID	WindowID	Split	ApplicationDate	JobID
47	1	Train	2012-04-04 15:56:23.537	169528
47	1	Train	2012-04-06 01:03:00.003	284009
47	1	Train	2012-04-05 02:40:27.753	2121
47	1	Train	2012-04-05 02:37:02.673	848187
47	1	Train	2012-04-05 22:44:06.653	733748
47	1	Train	2012-04-05 02:34:40.223	576958
47	1	Train	2012-04-05 22:55:03.583	262470
47	1	Train	2012-04-05 02:38:49.52	602298
72	1	Train	2012-04-02 22:36:43.033	834662
72	1	Train	2012-04-07 15:19:58.187	1020903
72	1	Train	2012-04-07 17:38:10.137	180313
72	1	Train	2012-04-30 20:05:15.293	480634
72	1	Train	2012-04-20 02:51:44.997	564184
80	1	Train	2012-04-04 10:53:19.847	908909
123	1	Train	2012-04-02 20:57:48.883	1080147
123	1	Train	2012-04-02 21:03:45.093	1080148
131	1	Train	2012-04-02 14:06:37.737	688863
131	1	Train	2012-04-05 15:08:47.357	1092900
131	1	Train	2012-04-05 17:09:34.33	50183
162	1	Train	2012-04-06 14:25:41.41	69667
162	1	Train	2012-04-06 14:15:52.387	822835
178	1	Train	2012-04-05 10:43:42.337	13298
203	1	Train	2012-04-02 10:01:27.867	148976
203	1	Train	2012-04-02 09:50:37.153	758079
203	1	Train	2012-04-03 09:47:58.053	717481
203	1	Train	2012-04-02 09:43:52.047	13175
203	1	Train	2012-04-02 10:02:45.643	1032422
344	1	Train	2012-04-01 15:38:28.11	519595
395	1	Train	2012-04-22 13:40:42.827	1075341
395	1	Train	2012-04-22 13:46:58.773	485208
395	1	Train	2012-04-09 18:15:44.083	784093
411	1	Train	2012-04-04 08:28:48.097	766183
411	1	Train	2012-04-04 08:30:20.24	314495
411	1	Train	2012-04-04 08:30:20.61	479001
415	1	Train	2012-04-06 07:21:04.043	580369
483	1	Train	2012-04-03 14:51:58.507	1098779
483	1	Train	2012-04-03 14:36:55.09	381246
496	1	Train	2012-04-09 13:49:33.503	1102826
496	1	Train	2012-04-09 13:33:48.257	932921
501	1	Train	2012-04-01 20:24:46.487	1091719
501	1	Train	2012-04-04 20:33:45.87	920491
501	1	Train	2012-04-04 20:37:42.387	752100
524	1	Train	2012-04-05 08:23:30.313	142459
524	1	Train	2012-04-05 14:37:23.193	135040
524	1	Train	2012-04-05 14:35:31.04	871031
547	1	Train	2012-04-02 11:46:45.077	1008042
547	1	Train	2012-04-03 10:24:24.773	1008052
547	1	Train	2012-04-02 11:33:40.23	449169
547	1	Train	2012-04-02 11:32:35.89	366888
547	1	Train	2012-04-02 11:35:19.343	153632
553	1	Train	2012-04-02 11:16:52.837	957
554	1	Train	2012-04-02 11:05:25.333	196603
554	1	Train	2012-04-02 05:08:41.413	300053
554	1	Train	2012-04-02 11:05:24.333	1078274
554	1	Train	2012-04-02 11:05:26.087	146817
554	1	Train	2012-04-02 11:05:25.833	654538
554	1	Train	2012-04-02 05:08:41.303	336293
554	1	Train	2012-04-02 11:05:25.76	640492
554	1	Train	2012-04-02 11:18:18.257	271546
554	1	Train	2012-04-02 05:08:44.72	283949
554	1	Train	2012-04-02 05:11:22.263	1066757
554	1	Train	2012-04-02 11:05:25.283	300007
554	1	Train	2012-04-02 11:05:25.367	1042648
554	1	Train	2012-04-02 04:57:57.623	680718
554	1	Train	2012-04-02 05:08:43.63	600058
554	1	Train	2012-04-02 11:05:24.643	25820
554	1	Train	2012-04-02 05:08:38.72	403896
554	1	Train	2012-04-02 05:08:42.793	497069
554	1	Train	2012-04-02 05:08:40.687	802921
554	1	Train	2012-04-02 05:07:58.51	473911
554	1	Train	2012-04-02 05:08:40.947	811833
554	1	Train	2012-04-02 05:08:40.687	35071
554	1	Train	2012-04-02 05:08:43.687	300020
554	1	Train	2012-04-02 11:05:23.78	812337
554	1	Train	2012-04-02 05:08:41.84	537961
554	1	Train	2012-04-02 11:05:23.507	600011
554	1	Train	2012-04-02 11:05:25.37	871066
554	1	Train	2012-04-02 11:05:26.177	1113088
554	1	Train	2012-04-02 11:15:11.807	946506
554	1	Train	2012-04-02 05:08:39.433	600033
554	1	Train	2012-04-02 11:05:25.01	283948
554	1	Train	2012-04-02 11:05:25.757	600045
554	1	Train	2012-04-02 11:05:25.093	1091388
554	1	Train	2012-04-02 11:05:25.587	18
554	1	Train	2012-04-02 05:08:43.527	488127
554	1	Train	2012-04-02 05:08:38.63	957
554	1	Train	2012-04-02 05:08:41.417	328100
554	1	Train	2012-04-02 11:05:25.1	28139
554	1	Train	2012-04-02 11:05:24.267	817048
554	1	Train	2012-04-02 11:05:23.997	251966
554	1	Train	2012-04-02 05:08:41.38	316374
554	1	Train	2012-04-02 11:05:24.433	747584
554	1	Train	2012-04-02 11:05:23.61	491965
554	1	Train	2012-04-02 05:08:43.847	537959
554	1	Train	2012-04-02 05:08:38.88	280275
554	1	Train	2012-04-02 05:08:41.31	855139
554	1	Train	2012-04-02 05:08:44.563	149199
554	1	Train	2012-04-02 05:08:41.717	449029
554	1	Train	2012-04-02 10:59:19.397	627377
554	1	Train	2012-04-02 05:08:44.12	40
554	1	Train	2012-04-02 05:08:43.747	273293
554	1	Train	2012-04-02 11:05:26.28	773410
555	1	Train	2012-04-06 21:02:26.85	880943
555	1	Train	2012-04-06 21:00:54.797	1058892
640	1	Train	2012-04-03 10:35:54.373	80574
640	1	Train	2012-04-03 09:23:26.3	900359
644	1	Train	2012-04-04 00:11:31.52	365842
645	1	Train	2012-04-02 21:26:53.877	187357
645	1	Train	2012-04-02 21:26:53.857	464796
645	1	Train	2012-04-02 21:26:54.05	234872
645	1	Train	2012-04-02 21:20:19.513	222539
645	1	Train	2012-04-02 21:26:54.037	814750
645	1	Train	2012-04-02 21:26:54.853	1014772
645	1	Train	2012-04-02 21:26:54.667	565961
645	1	Train	2012-04-02 21:26:53.293	159979
645	1	Train	2012-04-02 21:26:54.2	547649
655	1	Train	2012-04-05 10:57:07.223	524448
655	1	Train	2012-04-09 01:35:03.943	214688
655	1	Train	2012-04-03 12:03:16.473	986010
655	1	Train	2012-04-03 12:20:01.207	585967
655	1	Train	2012-04-09 01:32:33.73	886994
682	1	Train	2012-04-02 11:13:15.327	734242
682	1	Train	2012-04-02 11:09:44.337	24469
682	1	Train	2012-04-09 22:24:11.54	266926
682	1	Train	2012-04-17 15:55:11.88	591265
744	1	Train	2012-04-01 13:01:18.21	1077655
767	1	Test	2012-04-01 14:37:20.023	85377
769	1	Test	2012-04-16 22:36:52.48	853328
769	1	Test	2012-04-09 18:59:28.193	86106
769	1	Test	2012-04-09 18:59:31.127	327571
769	1	Test	2012-04-08 21:29:11.993	119161
769	1	Test	2012-04-18 23:49:59.033	28124
769	1	Test	2012-04-03 00:57:43.033	306734
769	1	Test	2012-04-09 18:59:30.493	584241
769	1	Test	2012-04-09 18:59:30.167	811935
769	1	Test	2012-04-18 23:50:00.633	1032353
769	1	Test	2012-04-09 18:59:31.207	381978
769	1	Test	2012-04-09 18:59:24.053	608556
769	1	Test	2012-04-09 18:59:24.867	601021
769	1	Test	2012-04-03 00:53:43.41	775477
769	1	Test	2012-04-09 18:59:23.51	778617
769	1	Test	2012-04-03 00:51:49.44	39407
769	1	Test	2012-04-09 18:59:23.68	361603
769	1	Test	2012-04-09 18:59:24.347	300974
769	1	Test	2012-04-09 18:59:27.1	551465
769	1	Test	2012-04-09 18:59:26.77	1061408
769	1	Test	2012-04-09 18:59:31.047	28033
769	1	Test	2012-04-03 00:55:28.733	276926
769	1	Test	2012-04-03 00:53:16.56	900568
769	1	Test	2012-04-09 18:59:27.693	1054653
769	1	Test	2012-04-18 23:50:00.53	683925
769	1	Test	2012-04-09 18:59:27.863	134528
769	1	Test	2012-04-09 18:59:28.107	174594
769	1	Test	2012-04-09 18:59:30.947	478877
769	1	Test	2012-04-09 18:59:25.167	1039146
769	1	Test	2012-04-09 18:59:31.2	1069766
769	1	Test	2012-04-09 18:59:30.247	900935
769	1	Test	2012-04-09 18:59:30.993	344549
769	1	Test	2012-04-09 18:59:26.83	7620
769	1	Test	2012-04-09 18:59:25.017	497411
769	1	Test	2012-04-09 18:59:24.3	512686
769	1	Test	2012-04-09 18:59:24.853	195570
769	1	Test	2012-04-09 18:59:30.597	814990
769	1	Test	2012-04-09 18:59:25.74	272504
769	1	Test	2012-04-09 18:59:26.19	624249
861	1	Test	2012-04-18 13:00:00.42	1030664
861	1	Test	2012-04-18 12:59:14.757	149330
908	1	Train	2012-04-02 15:50:46.903	1008162
951	1	Train	2012-04-03 10:56:55.407	79201
951	1	Train	2012-04-03 10:56:57.573	1051929
951	1	Train	2012-04-19 11:39:04.307	207874
951	1	Train	2012-04-03 10:56:55.38	200296
951	1	Train	2012-04-03 10:56:57.233	780304
951	1	Train	2012-04-03 10:56:56.617	821864
951	1	Train	2012-04-03 10:56:56.047	769592
951	1	Train	2012-04-02 09:20:34.56	885313
951	1	Train	2012-04-03 10:56:57.197	1025718
951	1	Train	2012-04-02 09:14:52.453	387058
951	1	Train	2012-04-03 10:56:55.437	77978
966	1	Train	2012-04-02 14:33:43.217	1057124
966	1	Train	2012-04-02 14:40:52.97	1057537
1006	1	Test	2012-04-30 10:09:13.693	655183
1031	1	Train	2012-04-15 00:31:00.7	718012
1045	1	Train	2012-04-04 08:23:37.62	1061008
1045	1	Train	2012-04-01 00:24:26.963	558454
1113	1	Train	2012-04-09 13:52:22.947	626239
1113	1	Train	2012-04-09 12:54:03.77	6867
1123	1	Train	2012-04-04 12:00:03.937	417260
1138	1	Train	2012-04-06 14:07:47.313	489718
1138	1	Train	2012-04-06 14:07:46.92	80928
1192	1	Test	2012-04-22 21:11:03.067	140348
1201	1	Train	2012-04-19 10:38:43.337	657615
1201	1	Train	2012-04-04 11:10:38.027	528186
1204	1	Train	2012-04-09 00:52:07.353	208204
1206	1	Train	2012-04-08 10:46:20.423	1045099
1206	1	Train	2012-04-01 10:45:57.57	192714
1206	1	Train	2012-04-08 09:56:25.407	312984
1206	1	Train	2012-04-08 10:30:03.73	468740
1226	1	Train	2012-04-03 10:33:20.687	878116
1244	1	Train	2012-04-02 10:29:41.373	796534
1355	1	Train	2012-04-04 18:15:41.093	22513
1355	1	Train	2012-04-04 18:22:31.453	747871
1355	1	Train	2012-04-04 18:23:17.54	117126
1355	1	Train	2012-04-04 18:21:04.28	544027
1363	1	Train	2012-04-09 13:50:30.727	919896
1363	1	Train	2012-04-09 13:44:14.737	898053
1374	1	Train	2012-04-15 20:28:08.85	458275
1374	1	Train	2012-04-03 19:59:04.403	746078
1374	1	Train	2012-04-18 01:22:20.157	34963
1486	1	Train	2012-04-02 16:46:46.767	1086943
1487	1	Train	2012-04-04 12:11:22.25	570439
1526	1	Train	2012-04-01 21:33:44.497	326474
1526	1	Train	2012-04-01 21:29:27.607	997521
1526	1	Train	2012-04-01 21:34:58.097	512682
1526	1	Train	2012-04-01 21:39:32.92	364189
1526	1	Train	2012-04-01 21:34:57.727	899718
1526	1	Train	2012-04-01 21:44:36.21	971791
1541	1	Train	2012-04-04 19:50:26.703	314080
1563	1	Train	2012-04-15 01:31:36.37	1032277
1610	1	Train	2012-04-04 10:46:31.423	35326
1610	1	Train	2012-04-04 10:57:47.363	192076
1645	1	Train	2012-04-16 14:11:24.45	563185
1645	1	Train	2012-04-05 15:52:34.093	292175
1645	1	Train	2012-04-05 15:50:40.347	492315
1645	1	Train	2012-04-16 14:11:24.613	175314
1645	1	Train	2012-04-05 15:50:40.037	775692
1645	1	Train	2012-04-30 15:17:57.15	535350
1645	1	Train	2012-04-07 11:26:41.847	174692
1645	1	Train	2012-04-05 15:50:41.027	924867
1657	1	Train	2012-04-01 01:53:36.543	39376
1697	1	Train	2012-04-05 09:19:51.71	927775
1697	1	Train	2012-04-04 08:53:16.41	961415
1697	1	Train	2012-04-04 08:53:15.937	880231
1697	1	Train	2012-04-05 09:19:46.547	496169
1697	1	Train	2012-04-04 08:53:13.257	28124
1697	1	Train	2012-04-04 08:53:14.563	300774
1697	1	Train	2012-04-04 08:53:15.387	109062
1697	1	Train	2012-04-05 09:19:50.487	212094
1697	1	Train	2012-04-04 08:53:15.45	311483
1697	1	Train	2012-04-04 08:53:15.747	809510
1697	1	Train	2012-04-05 09:01:22.1	381978
1697	1	Train	2012-04-04 08:53:14.403	15428
1697	1	Train	2012-04-04 08:53:14.043	264265
1697	1	Train	2012-04-05 09:19:52.793	601021
1697	1	Train	2012-04-04 08:53:14.56	580317
1697	1	Train	2012-04-05 09:19:54.54	911848
1697	1	Train	2012-04-05 09:19:50.017	778350
1697	1	Train	2012-04-04 08:53:14.49	901920
1697	1	Train	2012-04-04 08:49:27.18	242150
1697	1	Train	2012-04-04 08:53:13.717	300740
1697	1	Train	2012-04-04 08:53:14.33	495321
1697	1	Train	2012-04-04 08:53:13.12	866859
1697	1	Train	2012-04-05 09:19:52.077	212415
1697	1	Train	2012-04-05 09:19:47.907	339201
1697	1	Train	2012-04-05 08:37:24.47	822675
1697	1	Train	2012-04-05 09:19:51.99	959911
1697	1	Train	2012-04-05 09:19:53.463	1050681
1697	1	Train	2012-04-05 09:19:52.653	282642
1697	1	Train	2012-04-04 09:15:20.853	167006
1697	1	Train	2012-04-05 09:19:50.573	13313
1697	1	Train	2012-04-05 09:19:46.953	149354
1697	1	Train	2012-04-04 08:53:15.797	825168
1697	1	Train	2012-04-05 09:19:54.23	905085
1697	1	Train	2012-04-04 08:53:15.74	1054653
1697	1	Train	2012-04-05 09:19:54.1	554509
1697	1	Train	2012-04-05 09:19:54.4	812531
1697	1	Train	2012-04-04 08:53:15.77	1045358
1697	1	Train	2012-04-04 08:53:15.193	1017822
1697	1	Train	2012-04-04 08:53:14.833	300767
1697	1	Train	2012-04-05 09:19:54.933	314425
1697	1	Train	2012-04-05 09:19:53.333	512686
1697	1	Train	2012-04-05 09:19:54.383	272504
1697	1	Train	2012-04-05 08:55:35.167	16670
1721	1	Train	2012-04-06 12:58:27.87	434525
1769	1	Train	2012-04-19 04:12:34.957	262490
1769	1	Train	2012-04-02 12:01:15.567	142339
1770	1	Train	2012-04-05 15:09:53.003	168181
1770	1	Train	2012-04-02 16:04:40.313	240288
1770	1	Train	2012-04-05 15:12:13.24	766450
1770	1	Train	2012-04-05 15:11:10.423	1020832
1770	1	Train	2012-04-05 15:12:56.603	811667
1770	1	Train	2012-04-08 23:40:25.207	677738
1793	1	Train	2012-04-01 12:52:36.323	400568
1800	1	Train	2012-04-05 15:22:22.233	942591
1834	1	Train	2012-04-06 20:42:59.603	546359
1834	1	Train	2012-04-07 23:53:18.76	208443
1846	1	Train	2012-04-03 09:18:18.643	452656
1846	1	Train	2012-04-03 09:43:47.08	417505
1846	1	Train	2012-04-03 10:03:26.99	418063
1960	1	Train	2012-04-02 15:43:13.187	278556
1960	1	Train	2012-04-09 19:00:22.287	151684
1960	1	Train	2012-04-02 18:28:57.043	1100477
1960	1	Train	2012-04-01 21:21:04.62	339688
1960	1	Train	2012-04-01 22:03:19.09	1091392
1960	1	Train	2012-04-02 14:57:47.153	1014158
2003	1	Test	2012-04-07 12:20:17.8	213361
2003	1	Test	2012-04-04 19:06:32.75	599565
2010	1	Train	2012-04-15 13:58:18.883	354354
2010	1	Train	2012-04-15 14:01:13.71	710546
2010	1	Train	2012-04-02 04:55:47.717	201393
2010	1	Train	2012-04-15 14:04:06.383	791739
2011	1	Test	2012-04-22 23:29:52.303	512852
2011	1	Test	2012-04-22 23:29:55.39	28551
2011	1	Test	2012-04-22 23:29:52.193	331150
2011	1	Test	2012-04-22 23:29:52.89	597000
2011	1	Test	2012-04-22 23:29:55.593	657551
2011	1	Test	2012-04-22 23:29:55.45	212272
2011	1	Test	2012-04-22 23:29:55.27	809372
2011	1	Test	2012-04-22 23:29:52.833	1051407
2011	1	Test	2012-04-22 23:29:55.46	212273
2011	1	Test	2012-04-22 23:36:32.073	551678
2032	1	Train	2012-04-21 08:55:01.003	561936
2032	1	Train	2012-04-05 11:36:33.857	298812
2032	1	Train	2012-04-05 11:36:34.777	928032
2032	1	Train	2012-04-05 11:36:34.997	79196
2032	1	Train	2012-04-05 11:36:34.64	179834
2032	1	Train	2012-04-05 11:36:33.827	451657
2032	1	Train	2012-04-05 11:36:34.54	338452
2032	1	Train	2012-04-21 08:53:45.613	928013
2116	1	Train	2012-04-04 00:48:08.167	512852
2116	1	Train	2012-04-04 00:46:00.413	812095
2116	1	Train	2012-04-04 00:46:52.517	212272
2116	1	Train	2012-04-04 00:47:35.163	212273
2134	1	Train	2012-04-09 20:39:05.59	30921
2134	1	Train	2012-04-20 10:37:19.007	25963
2134	1	Train	2012-04-09 20:38:06.53	922397
2134	1	Train	2012-04-09 20:41:07.05	863147
2166	1	Train	2012-04-02 00:25:38.24	879110
2203	1	Train	2012-04-18 18:08:10.587	1012368
2203	1	Train	2012-04-18 12:17:07.953	657508
2203	1	Train	2012-04-02 15:47:28.63	505127
2203	1	Train	2012-04-02 15:39:22.7	858238
2203	1	Train	2012-04-02 15:42:04.383	764091
2203	1	Train	2012-04-09 20:14:34.533	474149
2204	1	Train	2012-04-03 17:28:56.11	205937
2241	1	Test	2012-04-27 09:38:35.29	517212
2241	1	Test	2012-04-02 15:23:08.587	453970
2241	1	Test	2012-04-09 12:30:06.143	431409
2241	1	Test	2012-04-09 12:30:07.01	634911
2241	1	Test	2012-04-02 10:56:51.853	996870
2304	1	Train	2012-04-03 20:59:54.173	520100
2304	1	Train	2012-04-15 09:12:16.343	361503
2327	1	Train	2012-04-19 10:53:23.183	1098498
2327	1	Train	2012-04-05 15:14:47.407	740622
2337	1	Train	2012-04-20 03:10:00.103	372552
2337	1	Train	2012-04-19 06:05:10.673	163691
2337	1	Train	2012-04-07 17:48:25.413	553831
2337	1	Train	2012-04-07 17:50:06.13	1075572
2337	1	Train	2012-04-06 22:52:13.603	763434
2370	1	Train	2012-04-06 12:58:26.993	27630
2385	1	Train	2012-04-06 18:27:31.467	50862
2385	1	Train	2012-04-06 18:42:29.753	774247
2385	1	Train	2012-04-01 19:29:18.477	851462
2385	1	Train	2012-04-06 18:21:46.337	927754
2386	1	Train	2012-04-08 16:09:31.467	179675
2386	1	Train	2012-04-08 16:06:32.33	466960
2386	1	Train	2012-04-08 16:05:58.917	814970
2386	1	Train	2012-04-08 16:05:58.91	54371
2386	1	Train	2012-04-08 16:05:58.917	165188
2386	1	Train	2012-04-08 16:09:32.427	640533
2386	1	Train	2012-04-08 16:09:31.273	313825
2386	1	Train	2012-04-08 16:09:31.913	466263
2386	1	Train	2012-04-08 16:28:15.8	230536
2386	1	Train	2012-04-08 17:17:40.91	184511
2393	1	Train	2012-04-01 17:29:15.32	908375
2393	1	Train	2012-04-01 17:29:15.25	636398
2393	1	Train	2012-04-01 17:29:13.967	512323
2393	1	Train	2012-04-01 17:29:13.64	626131
2393	1	Train	2012-04-01 17:29:14.793	922779
2393	1	Train	2012-04-01 17:29:14.073	200446
2393	1	Train	2012-04-01 17:29:14.017	338854
2393	1	Train	2012-04-01 17:29:12.983	156753
2393	1	Train	2012-04-01 17:29:13.53	625404
2393	1	Train	2012-04-01 17:15:19.493	478163
2393	1	Train	2012-04-01 17:29:13.923	502475
2393	1	Train	2012-04-01 17:29:14.113	331319
2393	1	Train	2012-04-01 17:29:14.723	875998
2393	1	Train	2012-04-01 17:29:15.56	631265
2393	1	Train	2012-04-01 17:29:13.927	331260
2432	1	Train	2012-04-08 01:57:36.873	986275
2432	1	Train	2012-04-08 02:00:16.657	908520
2469	1	Train	2012-04-05 15:17:58.647	281804
2469	1	Train	2012-04-05 15:17:58.54	775690
2469	1	Train	2012-04-05 15:16:38.787	881350
2469	1	Train	2012-04-05 15:17:59.16	786735
2472	1	Train	2012-04-08 18:28:03.69	261488
2472	1	Train	2012-04-08 18:28:03.977	1026804
2472	1	Train	2012-04-09 20:24:22.233	354546
2472	1	Train	2012-04-08 18:28:03.79	446115
2472	1	Train	2012-04-08 18:24:16.72	300910
2472	1	Train	2012-04-08 18:28:04.013	472197
2472	1	Train	2012-04-08 18:28:03.937	997072
2472	1	Train	2012-04-09 20:19:53.143	300959
2473	1	Train	2012-04-09 23:49:33.793	919981
2481	1	Train	2012-04-02 19:55:58.34	799060
2528	1	Train	2012-04-05 21:25:25.933	931330
2528	1	Train	2012-04-02 10:06:18.083	207742
2528	1	Train	2012-04-01 22:38:11.883	334844
2528	1	Train	2012-04-05 20:59:11.767	501534
2528	1	Train	2012-04-07 16:43:02.223	560528
2528	1	Train	2012-04-08 20:33:14.73	191727
2528	1	Train	2012-04-03 17:41:08.813	46452
2528	1	Train	2012-04-07 16:55:39.807	624163
2528	1	Train	2012-04-01 22:52:38.337	969925
2528	1	Train	2012-04-02 10:01:05.6	958210
2528	1	Train	2012-04-05 21:43:47.21	811914
2528	1	Train	2012-04-07 16:34:33.473	150909
2528	1	Train	2012-04-07 16:58:30.123	917569
2528	1	Train	2012-04-01 22:11:29.62	624159
2528	1	Train	2012-04-01 21:56:02.85	1012976
2549	1	Train	2012-04-05 23:58:49.083	346689
2549	1	Train	2012-04-04 12:58:13.58	1076688
2549	1	Train	2012-04-04 12:58:13.25	364725
2549	1	Train	2012-04-04 12:58:12.837	835102
2549	1	Train	2012-04-04 12:58:13.077	535308
2549	1	Train	2012-04-06 12:48:33.413	912672
2549	1	Train	2012-04-04 12:54:47.8	959551
2571	1	Train	2012-04-04 08:53:30.633	104569
2604	1	Train	2012-04-02 20:25:33.373	678432
2638	1	Train	2012-04-02 22:42:45.213	515123
2638	1	Train	2012-04-02 23:11:13.737	596465
2638	1	Train	2012-04-02 23:14:55.543	493173
2638	1	Train	2012-04-02 22:21:08.54	510346
2638	1	Train	2012-04-02 22:49:30.513	90751
2638	1	Train	2012-04-02 22:17:22.553	166742
2638	1	Train	2012-04-02 21:56:39.9	6867
2638	1	Train	2012-04-02 22:04:33.31	1010027
2638	1	Train	2012-04-02 22:07:30.96	630912
2638	1	Train	2012-04-02 23:08:14.157	480263
2638	1	Train	2012-04-02 14:00:54.55	1000035
2652	1	Test	2012-04-08 23:13:32.383	462473
2652	1	Test	2012-04-09 19:20:21.333	596092
2652	1	Test	2012-04-17 08:13:00.567	214609
2652	1	Test	2012-04-07 23:17:09.17	1028472
2652	1	Test	2012-04-05 20:20:36.31	775479
2652	1	Test	2012-04-17 08:12:57.993	733218
2652	1	Test	2012-04-17 08:13:01.01	187806
2652	1	Test	2012-04-09 19:16:20.777	1093039
2652	1	Test	2012-04-03 15:12:04.107	272568
2652	1	Test	2012-04-08 14:57:49.623	848187
2652	1	Test	2012-04-15 21:40:15.737	476989
2652	1	Test	2012-04-07 16:34:19.853	243596
2652	1	Test	2012-04-09 19:20:55.38	327070
2652	1	Test	2012-04-17 08:13:01.973	599948
2652	1	Test	2012-04-07 23:16:35.573	611077
2652	1	Test	2012-04-17 08:12:58.857	150140
2652	1	Test	2012-04-05 20:21:24.933	264110
2652	1	Test	2012-04-07 23:20:44.54	768429
2652	1	Test	2012-04-05 20:20:04.443	13470
2652	1	Test	2012-04-09 19:26:23.687	780080
2652	1	Test	2012-04-03 15:15:14.767	108437
2652	1	Test	2012-04-07 23:22:05.373	1050796
2652	1	Test	2012-04-07 16:33:09.62	247857
2652	1	Test	2012-04-15 21:44:04.51	198083
2652	1	Test	2012-04-07 23:19:40.187	860500
2652	1	Test	2012-04-07 16:35:39.987	179975
2652	1	Test	2012-04-07 16:32:43.933	262485
2652	1	Test	2012-04-17 08:13:01.07	1088282
2652	1	Test	2012-04-07 23:21:39.57	878029
2652	1	Test	2012-04-07 16:34:44.197	862781
2652	1	Test	2012-04-08 23:13:31.977	2121
2652	1	Test	2012-04-03 15:13:36.907	262764
2652	1	Test	2012-04-17 08:19:54.373	219637
2652	1	Test	2012-04-17 08:12:58.763	178370
2652	1	Test	2012-04-07 16:39:56.46	1007701
2652	1	Test	2012-04-07 16:39:17.923	515420
2652	1	Test	2012-04-07 23:19:15.707	152707
2652	1	Test	2012-04-07 16:37:39.317	263727
2652	1	Test	2012-04-07 23:21:13.707	311769
2652	1	Test	2012-04-07 23:24:04.17	860501
2652	1	Test	2012-04-05 20:23:56.93	576079
2652	1	Test	2012-04-09 19:25:37.223	567681
2652	1	Test	2012-04-08 15:04:45.083	595627
2652	1	Test	2012-04-07 16:36:17.123	327678
2652	1	Test	2012-04-08 15:00:29.927	862530
2652	1	Test	2012-04-17 08:12:58.44	582347
2652	1	Test	2012-04-07 16:32:18.5	148571
2652	1	Test	2012-04-03 07:48:38.187	1010124
2652	1	Test	2012-04-08 15:03:32.413	999242
2652	1	Test	2012-04-08 19:59:37.773	874378
2652	1	Test	2012-04-07 16:36:41.297	284009
2658	1	Train	2012-04-03 12:54:18.487	636460
2658	1	Train	2012-04-03 12:54:18.24	134570
2658	1	Train	2012-04-03 12:54:18.123	595627
2658	1	Train	2012-04-03 12:54:18.413	292609
2700	1	Train	2012-04-06 12:28:33.983	761884
2700	1	Train	2012-04-07 09:47:43.97	98768
2718	1	Train	2012-04-02 13:22:17.027	189871
2718	1	Train	2012-04-02 19:05:02.273	281975
2731	1	Train	2012-04-03 21:40:29.237	222774
2731	1	Train	2012-04-07 01:06:32.813	337012
2731	1	Train	2012-04-01 22:35:25.297	591608
2754	1	Train	2012-04-09 00:20:00.133	561914
2754	1	Train	2012-04-09 00:30:04.297	475318
2754	1	Train	2012-04-04 15:59:53.91	652383
2754	1	Train	2012-04-09 00:52:30.817	108399
2754	1	Train	2012-04-09 00:43:50.587	700160
2754	1	Train	2012-04-09 00:41:36.92	647317
2754	1	Train	2012-04-09 00:27:25.423	1086990
2821	1	Train	2012-04-04 07:57:59.073	772216
2848	1	Test	2012-04-19 12:17:59.347	803383
2848	1	Test	2012-04-19 12:17:59.227	109581
2848	1	Test	2012-04-19 12:17:58.68	411288
2848	1	Test	2012-05-04 10:00:09.013	259953
2848	1	Test	2012-04-19 11:52:49.887	45602
2848	1	Test	2012-04-19 12:17:58.79	878082
2848	1	Test	2012-04-19 12:18:27.457	55049
2848	1	Test	2012-04-19 12:17:59.643	1080737
2865	1	Train	2012-04-04 17:32:42.047	895978
2865	1	Train	2012-04-04 17:07:50.423	658477
2888	1	Train	2012-04-05 10:20:25.047	995565
2888	1	Train	2012-04-02 15:28:49.887	745891
2888	1	Train	2012-04-05 10:10:15.77	267326
2888	1	Train	2012-04-05 10:20:24.767	911258
2888	1	Train	2012-04-02 15:22:22.37	909862
2888	1	Train	2012-04-05 10:20:25.333	797530
2888	1	Train	2012-04-02 15:28:49.463	626545
2958	1	Train	2012-04-03 21:06:44.997	46880
2958	1	Train	2012-04-03 21:15:22.413	742591
2958	1	Train	2012-04-15 21:44:02.737	14298
2958	1	Train	2012-04-03 21:04:25.223	919914
2958	1	Train	2012-04-03 21:02:03.917	873093
2958	1	Train	2012-04-03 21:32:30.737	1074772
2958	1	Train	2012-04-03 21:23:36.9	632881
2982	1	Train	2012-04-05 09:07:03.8	132019
2982	1	Train	2012-04-05 09:14:53.357	543550
2982	1	Train	2012-04-05 08:36:05.82	242665
2982	1	Train	2012-04-09 08:54:02.553	458623
2982	1	Train	2012-04-09 08:30:40.78	684352
2982	1	Train	2012-04-05 08:32:23.1	794559
3054	1	Train	2012-04-02 19:22:00.97	631241
3069	1	Train	2012-04-02 21:46:15.91	77063
3069	1	Train	2012-04-02 21:39:26.793	522017
3093	1	Train	2012-04-06 16:33:50.057	762142
3123	1	Train	2012-04-07 01:50:46.99	601957
3123	1	Train	2012-04-08 11:31:20.6	870364
3164	1	Train	2012-04-02 16:57:30.843	786890
3176	1	Train	2012-04-09 21:48:52.08	683927
3176	1	Train	2012-04-09 21:48:52.013	1102260
3176	1	Train	2012-04-09 21:48:52.08	497411
3185	1	Train	2012-04-05 10:05:55.883	382199
3185	1	Train	2012-04-03 01:31:59.223	969220
3185	1	Train	2012-04-05 09:57:50.133	446938
3185	1	Train	2012-04-03 01:28:38.983	314551
3185	1	Train	2012-04-03 01:34:47.613	446937
3185	1	Train	2012-04-05 10:25:31.933	1038309
3186	1	Train	2012-04-09 00:03:50.813	554344
3186	1	Train	2012-04-03 00:34:38.757	365848
3186	1	Train	2012-04-03 20:17:35.597	8768
3186	1	Train	2012-04-03 20:16:50.003	8770
3232	1	Train	2012-04-03 22:08:42.98	406559
3232	1	Train	2012-04-04 22:49:57.053	363460
3232	1	Train	2012-04-04 22:53:20.38	286790
3232	1	Train	2012-04-04 21:26:24.22	867885
3232	1	Train	2012-04-04 21:23:06.563	186385
3232	1	Train	2012-04-15 10:48:54.18	925776
3232	1	Train	2012-04-04 22:37:56.343	324890
3232	1	Train	2012-04-15 13:47:00.94	955639
3232	1	Train	2012-04-03 22:18:42.61	406558
3268	1	Train	2012-04-02 13:53:29.937	306334
3276	1	Train	2012-04-03 17:03:33.86	834444
3276	1	Train	2012-04-03 14:45:48.817	311424
3276	1	Train	2012-04-05 13:25:29.263	512671
3276	1	Train	2012-04-06 16:31:26.433	221047
3290	1	Train	2012-04-05 03:02:01.593	81938
3290	1	Train	2012-04-30 06:39:45.353	760338
3290	1	Train	2012-04-05 02:15:26.733	238784
3290	1	Train	2012-04-05 03:08:16.867	785430
3290	1	Train	2012-04-30 05:45:22.26	63659
3290	1	Train	2012-04-30 05:53:14.723	1093390
3290	1	Train	2012-04-05 02:16:09.793	293491
3290	1	Train	2012-04-30 05:25:22.35	681892
3290	1	Train	2012-05-02 06:17:29.303	582809
3290	1	Train	2012-04-30 05:29:51.17	809565
3290	1	Train	2012-04-05 03:04:51.283	844661
3290	1	Train	2012-04-05 03:03:18.497	824871
3290	1	Train	2012-04-30 05:20:02.897	1047550
3290	1	Train	2012-04-05 02:13:32.843	838334
3316	1	Train	2012-04-03 17:11:03.04	829431
3316	1	Train	2012-04-03 17:50:35.98	311075
3316	1	Train	2012-04-03 17:29:38.327	445231
3316	1	Train	2012-04-06 15:47:32.02	654009
3316	1	Train	2012-04-03 17:45:38.88	341751
3316	1	Train	2012-04-03 17:25:11.747	911679
3316	1	Train	2012-04-03 17:20:40.497	885046
3316	1	Train	2012-04-03 17:18:27.743	868965
3351	1	Train	2012-04-06 08:54:38.147	657321
3351	1	Train	2012-04-05 09:29:17.44	87580
3411	1	Train	2012-04-03 10:23:31.653	177428
3411	1	Train	2012-04-03 10:27:05.87	595818
3411	1	Train	2012-04-03 10:18:00.93	238722
3475	1	Train	2012-04-06 12:33:30.5	134113
3491	1	Train	2012-04-18 12:18:29.14	824887
3539	1	Train	2012-04-02 20:08:11.423	766356
3582	1	Train	2012-04-04 08:02:01.45	1029023
3582	1	Train	2012-04-04 08:17:15.38	418208
3582	1	Train	2012-04-04 08:02:37.007	178126
3582	1	Train	2012-04-04 08:12:20.23	759702
3582	1	Train	2012-04-04 08:28:32.827	634266
3582	1	Train	2012-04-04 08:26:54.94	1029022
3582	1	Train	2012-04-04 08:03:22.23	284394
3594	1	Train	2012-04-02 10:47:01.8	647322
3638	1	Train	2012-04-02 14:13:03.907	1100754
3699	1	Test	2012-04-20 17:55:11.603	152025
3699	1	Test	2012-04-09 21:02:06.18	1097744
3752	1	Train	2012-04-09 18:46:12.787	180007
3752	1	Train	2012-04-09 18:54:22.127	28942
3752	1	Train	2012-04-09 18:39:57.697	159639
3752	1	Train	2012-04-09 18:52:47.28	1018946
3752	1	Train	2012-04-09 18:43:07.82	1075925
3752	1	Train	2012-04-01 17:30:48.583	409173
3758	1	Train	2012-04-18 18:28:33.453	796438
3758	1	Train	2012-04-09 18:21:16.847	958992
3758	1	Train	2012-04-05 13:00:04.677	300525
3758	1	Train	2012-04-18 18:30:23.583	628722
3758	1	Train	2012-04-18 18:26:32.11	820391
3758	1	Train	2012-04-18 20:23:59.737	488488
3763	1	Test	2012-04-30 12:45:15.833	850036
3772	1	Train	2012-04-16 22:18:22.503	552352
3772	1	Train	2012-04-06 00:18:46.097	851996
3801	1	Train	2012-04-04 17:13:40.487	492031
3801	1	Train	2012-04-04 17:05:13.777	59591
3801	1	Train	2012-04-04 17:07:38.06	507679
3801	1	Train	2012-04-04 18:41:52.037	902826
3830	1	Train	2012-04-03 14:31:53.417	631948
3830	1	Train	2012-04-03 17:43:56.51	265434
3842	1	Train	2012-04-03 20:34:39.95	199820
3842	1	Train	2012-04-03 20:30:10.73	1095526
3892	1	Train	2012-04-02 23:30:22.44	616263
3892	1	Train	2012-04-02 23:57:48.863	363610
3892	1	Train	2012-04-20 09:28:14.033	558955
3908	1	Train	2012-04-03 22:18:53.923	63877
3908	1	Train	2012-04-03 22:13:22.843	25250
3992	1	Train	2012-04-22 17:30:21.643	458413
3992	1	Train	2012-04-03 17:58:53.02	162196
3992	1	Train	2012-04-22 17:02:36.11	540662
3992	1	Train	2012-04-06 10:56:50.483	1049317
3992	1	Train	2012-04-06 10:44:23.893	103226
4001	1	Train	2012-04-05 22:10:59.9	1088560
4019	1	Train	2012-04-03 21:35:02.717	315756
4019	1	Train	2012-04-03 21:32:26.727	925064
4022	1	Train	2012-04-02 10:44:32.04	459306
4022	1	Train	2012-04-02 10:44:32.217	762519
4022	1	Train	2012-04-02 10:23:33.157	6991
4022	1	Train	2012-04-02 10:31:10.99	755304
4022	1	Train	2012-04-02 10:44:31.337	1110908
4022	1	Train	2012-04-02 10:44:31.05	262335
4022	1	Train	2012-04-02 10:44:31.327	900158
4022	1	Train	2012-04-02 10:44:31.633	14257
4022	1	Train	2012-04-02 10:07:29.96	374641
4022	1	Train	2012-04-02 10:44:31.613	201249
4022	1	Train	2012-04-02 10:44:31.573	1041837
4032	1	Train	2012-04-09 21:39:33.793	1061054
4032	1	Train	2012-04-05 22:40:10.737	628515
4040	1	Train	2012-04-02 09:39:02.617	617368
4061	1	Train	2012-04-06 13:09:25.293	274431
4061	1	Train	2012-04-06 13:36:14.95	639021
4061	1	Train	2012-04-06 13:18:51.663	179076
4061	1	Train	2012-04-06 13:27:05.027	2619
4061	1	Train	2012-04-06 13:16:01.19	628251
4061	1	Train	2012-04-05 13:32:31.477	22426
4082	1	Train	2012-04-04 21:35:49.153	77517
4082	1	Train	2012-04-04 21:39:34.38	22571
4082	1	Train	2012-04-04 21:32:43.983	1103722
4083	1	Train	2012-04-03 12:49:38.66	814527
4107	1	Train	2012-04-06 13:49:48.66	550
4125	1	Train	2012-04-20 13:20:15.44	135289
4125	1	Train	2012-04-20 13:20:15.573	139613
4200	1	Train	2012-04-02 15:07:38.827	30429
4200	1	Train	2012-04-02 15:02:04.163	308525
4202	1	Train	2012-04-02 12:15:32.09	80424
4202	1	Train	2012-04-02 12:06:14.363	480381
4232	1	Train	2012-04-18 01:01:04.777	175676
4232	1	Train	2012-04-18 01:01:04.527	707528
4232	1	Train	2012-04-17 22:46:17.077	835684
4232	1	Train	2012-04-18 01:01:05.323	470038
4232	1	Train	2012-04-05 01:02:10.987	174264
4232	1	Train	2012-04-08 00:14:27.44	1104251
4232	1	Train	2012-04-07 23:06:49.363	509710
4232	1	Train	2012-04-18 01:01:04.85	1008710
4232	1	Train	2012-04-07 23:06:51.433	225638
4232	1	Train	2012-04-18 01:01:04.933	285559
4243	1	Train	2012-04-05 08:19:50.95	1033402
4243	1	Train	2012-04-05 08:39:29.93	1076037
4243	1	Train	2012-04-05 08:39:30.06	802407
4243	1	Train	2012-04-05 08:25:10.797	488536
4243	1	Train	2012-04-05 08:20:53.933	161448
4250	1	Train	2012-04-04 00:52:33.423	85377
4283	1	Train	2012-04-02 11:52:25.857	11624
4283	1	Train	2012-04-01 19:22:43.91	414442
4283	1	Train	2012-04-01 19:31:25.003	417018
4289	1	Train	2012-04-04 16:47:48.483	789154
4289	1	Train	2012-04-04 17:12:33.71	635530
4289	1	Train	2012-04-04 17:12:33.33	1100659
4289	1	Train	2012-04-04 17:12:33.36	485345
4332	1	Train	2012-04-05 22:18:25.35	501522
4332	1	Train	2012-04-05 22:14:07.737	860430
4359	1	Train	2012-04-05 19:39:01.807	332608
4359	1	Train	2012-04-05 19:39:01.507	552890
4359	1	Train	2012-04-05 19:39:03.933	263453
4359	1	Train	2012-04-05 19:46:40.26	159980
4359	1	Train	2012-04-05 19:46:39.48	480490
4359	1	Train	2012-04-05 19:46:36.473	552394
4359	1	Train	2012-04-05 19:39:02.6	1102208
4359	1	Train	2012-04-05 19:39:02.703	577629
4359	1	Train	2012-04-05 19:46:35.257	771413
4359	1	Train	2012-04-05 19:46:36.51	480296
4359	1	Train	2012-04-05 19:46:37.097	1049215
4359	1	Train	2012-04-05 19:46:37.377	222244
4359	1	Train	2012-04-05 19:46:37.307	184337
4359	1	Train	2012-04-05 19:39:03.487	845064
4359	1	Train	2012-04-05 19:37:13.59	818318
4359	1	Train	2012-04-05 19:39:02.48	362225
4359	1	Train	2012-04-05 19:46:40.13	267760
4359	1	Train	2012-04-05 19:39:02.373	252739
4359	1	Train	2012-04-05 19:46:35.023	384174
4359	1	Train	2012-04-05 19:46:39.547	635126
4359	1	Train	2012-04-05 19:39:03.623	1090190
4359	1	Train	2012-04-05 19:46:35.323	582393
4359	1	Train	2012-04-05 19:46:37.293	179973
4359	1	Train	2012-04-05 19:39:02.703	279889
4359	1	Train	2012-04-05 19:44:55.877	584969
4359	1	Train	2012-04-05 19:46:39.48	779958
4359	1	Train	2012-04-05 19:46:38.67	828586
4359	1	Train	2012-04-05 19:39:02.253	498206
4359	1	Train	2012-04-05 19:46:36.343	905303
4359	1	Train	2012-04-05 19:46:40.61	203469
4359	1	Train	2012-04-05 19:46:38.98	790859
4359	1	Train	2012-04-05 19:39:02.21	579534
4359	1	Train	2012-04-05 19:46:34.837	179958
4359	1	Train	2012-04-05 19:46:38.11	1089342
4359	1	Train	2012-04-05 19:39:01.7	23823
4359	1	Train	2012-04-09 13:42:32.017	17584
4359	1	Train	2012-04-05 19:46:37.16	1073900
4359	1	Train	2012-04-05 19:39:01.56	291818
4359	1	Train	2012-04-05 19:46:39.237	316962
4360	1	Train	2012-04-09 17:57:06.487	346230
4360	1	Train	2012-04-09 17:53:42.547	444933
4366	1	Train	2012-04-03 07:41:26.587	900368
4366	1	Train	2012-04-03 07:49:10.71	874636
4366	1	Train	2012-04-03 07:39:35.193	460
4368	1	Test	2012-04-05 15:33:31.27	1078744
4368	1	Test	2012-04-05 15:33:33.907	779460
4368	1	Test	2012-04-05 15:35:50.913	303944
4368	1	Test	2012-04-05 15:33:31.04	881717
4368	1	Test	2012-04-05 15:33:31.503	317343
4368	1	Test	2012-04-05 15:33:31.43	547357
4368	1	Test	2012-04-05 15:33:32.8	896554
4368	1	Test	2012-04-05 15:33:30.497	202246
4368	1	Test	2012-04-05 15:33:32.19	1061158
4368	1	Test	2012-04-05 15:33:33.02	131297
4380	1	Train	2012-04-02 10:10:53.173	1101734
4388	1	Train	2012-04-01 23:31:35.19	481998
4388	1	Train	2012-04-01 23:29:58.043	191185
4388	1	Train	2012-04-01 23:36:43.653	481943
4388	1	Train	2012-04-01 23:48:46.657	378790
4462	1	Train	2012-04-08 02:08:01.797	339487
4501	1	Train	2012-04-05 19:54:36.03	440420
4517	1	Train	2012-04-06 09:14:39.067	602539
4545	1	Train	2012-04-08 18:58:55.94	355145
4604	1	Train	2012-04-05 19:31:04.06	505394
4604	1	Train	2012-04-16 10:50:22.877	371719
4604	1	Train	2012-04-16 10:43:33.263	24482
4604	1	Train	2012-04-05 19:37:26.493	77513
4604	1	Train	2012-04-05 19:36:58.903	114544
4604	1	Train	2012-04-05 12:12:13.033	430826
4604	1	Train	2012-04-05 19:37:55.523	657321
4604	1	Train	2012-04-05 11:48:47.487	953712
4604	1	Train	2012-04-05 12:00:29.077	259303
4604	1	Train	2012-04-05 13:57:03.06	491441
4604	1	Train	2012-04-05 11:57:58.937	985084
4604	1	Train	2012-04-05 20:12:39.343	886638
4604	1	Train	2012-04-05 12:34:03.253	600050
4604	1	Train	2012-04-05 12:37:01.683	555615
4604	1	Train	2012-04-05 11:47:35.023	552885
4604	1	Train	2012-04-05 12:31:23.157	607254
4604	1	Train	2012-04-16 10:45:03.373	88075
4619	1	Train	2012-04-03 07:35:47.97	90937
4619	1	Train	2012-04-02 21:03:02.607	583814
4619	1	Train	2012-04-03 07:34:30.77	1080241
4647	1	Test	2012-04-04 13:57:16.847	731241
4654	1	Train	2012-04-03 14:18:49.013	750819
4654	1	Train	2012-04-03 14:20:51.683	936703
4654	1	Train	2012-04-03 14:19:47.99	650185
4654	1	Train	2012-04-05 15:27:35.877	808965
4698	1	Train	2012-04-03 18:56:28.39	1046306
4703	1	Train	2012-04-04 23:59:03.273	174106
4703	1	Train	2012-04-04 16:06:37.767	691241
4724	1	Test	2012-04-08 21:38:34.507	511076
4724	1	Test	2012-04-16 20:23:26.037	512043
4724	1	Test	2012-04-16 20:10:19.28	154401
4724	1	Test	2012-04-08 22:06:07.567	386708
4724	1	Test	2012-04-16 20:04:25.493	334248
4724	1	Test	2012-04-16 20:16:53.777	780100
4724	1	Test	2012-04-08 22:09:34.567	303944
4724	1	Test	2012-04-16 20:11:15.817	307388
4724	1	Test	2012-04-16 20:30:30.81	261369
4724	1	Test	2012-04-16 20:24:23.43	1073733
4724	1	Test	2012-04-08 21:45:40.907	1091073
4724	1	Test	2012-04-06 15:13:54.413	761456
4724	1	Test	2012-04-08 21:20:46.423	1115815
4724	1	Test	2012-04-08 21:42:22.41	1101630
4724	1	Test	2012-04-09 20:02:23.693	502027
4724	1	Test	2012-04-06 15:13:28.377	694694
4724	1	Test	2012-04-08 21:17:05.953	152528
4740	1	Train	2012-04-03 16:49:15.707	945643
4740	1	Train	2012-04-02 21:59:26.367	934942
4740	1	Train	2012-04-04 21:56:49.187	969192
4740	1	Train	2012-04-03 16:38:20.7	461927
4740	1	Train	2012-04-05 10:40:20.52	473174
4743	1	Train	2012-04-03 11:45:46.53	846131
4743	1	Train	2012-04-03 11:45:49.577	530713
4743	1	Train	2012-04-03 10:47:36.313	764802
4743	1	Train	2012-04-09 12:26:36.457	762382
4743	1	Train	2012-04-09 12:26:36.027	408516
4743	1	Train	2012-04-03 11:45:46.913	1101102
4743	1	Train	2012-04-09 12:26:36.53	149195
4743	1	Train	2012-04-03 11:45:49.577	675598
4743	1	Train	2012-04-03 11:45:49.023	246597
4743	1	Train	2012-04-03 11:45:47.533	845689
4743	1	Train	2012-04-03 11:45:49.197	846116
4743	1	Train	2012-04-03 11:45:48.863	246461
4743	1	Train	2012-04-03 11:45:47.637	311044
4743	1	Train	2012-04-09 12:42:32.71	928938
4743	1	Train	2012-04-03 11:45:47.73	846109
4743	1	Train	2012-04-03 11:45:46.447	246499
4743	1	Train	2012-04-03 11:45:48.39	803853
4743	1	Train	2012-04-03 11:45:48.083	580916
4743	1	Train	2012-04-03 11:19:17.277	466581
4743	1	Train	2012-04-09 12:22:55.423	1011473
4743	1	Train	2012-04-03 10:47:35.883	731241
4743	1	Train	2012-04-03 11:45:47.997	14863
4743	1	Train	2012-04-03 11:45:48.16	846134
4743	1	Train	2012-04-03 11:45:49.067	617234
4743	1	Train	2012-04-09 12:26:36.607	490529
4743	1	Train	2012-04-03 11:45:46.417	810885
4743	1	Train	2012-04-09 12:26:36.26	246498
4743	1	Train	2012-04-09 12:26:36.407	615045
4743	1	Train	2012-04-03 11:45:48.97	1009436
4743	1	Train	2012-04-09 12:26:36.433	92029
4743	1	Train	2012-04-03 10:57:43.613	912669
4745	1	Train	2012-04-05 20:09:10.87	959489
4745	1	Train	2012-04-03 20:35:46.757	33972
4745	1	Train	2012-04-02 13:02:14.517	755748
4745	1	Train	2012-04-09 13:29:04.607	1062631
4773	1	Train	2012-04-05 18:27:17.47	868946
4773	1	Train	2012-04-05 17:21:21.717	773121
4773	1	Train	2012-04-05 18:27:17.82	776438
4773	1	Train	2012-04-05 18:23:41.94	276322
4773	1	Train	2012-04-05 18:23:41.757	149490
4773	1	Train	2012-04-05 18:20:00.053	166797
4773	1	Train	2012-04-05 18:29:25.54	281575
4773	1	Train	2012-04-05 18:26:26.727	640522
4773	1	Train	2012-04-05 18:28:38.307	176516
4773	1	Train	2012-04-05 17:06:04.643	298184
4773	1	Train	2012-04-05 18:23:41.373	861424
4773	1	Train	2012-04-05 18:27:17.57	639210
4773	1	Train	2012-04-05 18:23:41.29	912469
4787	1	Train	2012-04-02 22:04:18.83	1030584
4787	1	Train	2012-04-02 22:10:28.23	269870
4844	1	Train	2012-04-17 07:32:21.027	514991
4844	1	Train	2012-04-16 16:11:28.267	13900
4844	1	Train	2012-04-17 07:32:20.783	1086215
4844	1	Train	2012-04-18 18:53:27.033	808974
4859	1	Train	2012-04-02 12:21:28.84	152412
4940	1	Train	2012-04-06 21:14:43.413	204866
4972	1	Train	2012-04-04 15:59:45.66	457006
4972	1	Train	2012-04-04 15:32:20.773	884486
4972	1	Train	2012-04-04 15:27:31.19	177077
4972	1	Train	2012-04-04 23:36:33.19	244831
4972	1	Train	2012-04-04 23:25:55.71	678273
4972	1	Train	2012-04-04 15:59:47.677	1009422
4972	1	Train	2012-04-04 15:32:18.693	1046883
4972	1	Train	2012-04-04 15:59:46.89	959540
4972	1	Train	2012-04-04 23:36:33.38	464292
4972	1	Train	2012-04-04 15:59:47.22	1009420
4972	1	Train	2012-04-04 15:32:18.7	634432
4972	1	Train	2012-04-04 15:32:19.89	149175
4972	1	Train	2012-04-04 15:32:20.727	437448
4972	1	Train	2012-04-04 15:59:47.753	681354
4972	1	Train	2012-04-04 15:59:45.883	681352
4972	1	Train	2012-04-04 15:32:19.03	652233
4972	1	Train	2012-04-04 15:32:17.863	81159
4972	1	Train	2012-04-04 15:59:46.793	959543
4972	1	Train	2012-04-04 15:59:46.003	711289
4972	1	Train	2012-04-04 15:32:21.237	16225
4972	1	Train	2012-04-04 15:32:20.86	522647
4972	1	Train	2012-04-04 23:29:52.213	1001522
4972	1	Train	2012-04-04 23:32:59.553	639483
4972	1	Train	2012-04-04 15:32:21.237	176996
4972	1	Train	2012-04-04 15:32:18.873	218261
4972	1	Train	2012-04-04 15:32:20.15	900299
4972	1	Train	2012-04-04 23:32:59.68	685561
4972	1	Train	2012-04-04 23:30:25.67	286408
4972	1	Train	2012-04-04 23:27:53.407	1028990
4988	1	Train	2012-04-05 14:14:19.677	600999
4989	1	Train	2012-04-04 21:50:33.513	1021823
5012	1	Train	2012-04-02 09:34:15.48	184634
5012	1	Train	2012-04-03 14:22:20.007	600493
5012	1	Train	2012-04-03 14:24:11.48	759408
5152	1	Train	2012-04-02 16:19:49.887	847317
5152	1	Train	2012-04-02 16:03:58.433	340745
5156	1	Train	2012-04-04 23:26:12.69	631311
5156	1	Train	2012-04-04 23:27:11.913	631316
5156	1	Train	2012-04-04 23:28:20.757	202444
5174	1	Train	2012-04-09 12:54:42.973	464340
5174	1	Train	2012-04-02 11:55:30.267	303749
5174	1	Train	2012-04-18 08:28:41.29	824910
5174	1	Train	2012-04-02 11:50:11.297	585450
5174	1	Train	2012-04-02 11:54:52.51	475286
5174	1	Train	2012-04-02 11:49:37.08	86079
5174	1	Train	2012-04-03 09:52:04.28	36388
5174	1	Train	2012-04-02 11:47:52.757	253558
5174	1	Train	2012-04-18 08:22:23.673	373621
5174	1	Train	2012-04-02 10:10:32.437	749171
5174	1	Train	2012-04-02 11:52:02.46	577477
5174	1	Train	2012-04-02 11:46:32.133	364859
5174	1	Train	2012-04-04 22:42:20.34	275716
5174	1	Train	2012-04-02 12:04:10.327	448664
5174	1	Train	2012-04-02 11:37:01.833	306516
5174	1	Train	2012-04-04 22:42:47.727	651875
5174	1	Train	2012-04-02 12:27:57.183	943494
5174	1	Train	2012-04-02 12:26:52.49	877012
5186	1	Train	2012-04-01 20:51:34.21	261289
5190	1	Train	2012-04-04 12:59:35.217	168799
5190	1	Train	2012-04-04 12:59:35.38	518288
5190	1	Train	2012-04-04 12:59:35.773	382335
5190	1	Train	2012-04-04 12:59:35.29	480386
5190	1	Train	2012-04-04 12:59:35.56	1027599
5190	1	Train	2012-04-04 12:56:57.88	828656
5190	1	Train	2012-04-04 12:59:35.387	1009925
5211	1	Train	2012-04-03 20:25:34.333	220600
5211	1	Train	2012-04-03 21:07:43.34	545136
5211	1	Train	2012-04-03 21:08:00.603	845074
5211	1	Train	2012-04-03 21:11:34.69	86086
5211	1	Train	2012-04-05 12:44:12.907	508688
5264	1	Train	2012-04-01 13:06:59.46	1079076
5282	1	Train	2012-04-05 11:16:41.537	1102315
5282	1	Train	2012-04-05 11:18:06.393	142462
5324	1	Train	2012-04-05 16:59:41.853	896022
5339	1	Train	2012-04-17 00:30:40.387	561504
5339	1	Train	2012-04-18 15:42:23.66	623694
5351	1	Train	2012-04-04 10:52:24.867	747352
5384	1	Train	2012-04-02 14:26:48.34	1052897
5414	1	Train	2012-04-18 21:42:15.087	1100477
5414	1	Train	2012-04-03 22:25:53.32	585618
5414	1	Train	2012-04-03 22:21:16.973	787189
5473	1	Train	2012-04-06 11:33:25.203	1019634
5473	1	Train	2012-04-05 15:57:55.08	338769
5473	1	Train	2012-04-02 11:31:49.457	1103002
5473	1	Train	2012-04-02 12:30:15.917	1101082
5598	1	Train	2012-04-07 00:16:24.21	346878
5598	1	Train	2012-04-07 00:25:20.257	477153
5598	1	Train	2012-04-01 22:41:24.04	733220
5633	1	Train	2012-04-02 06:57:03.007	682249
5645	1	Train	2012-04-03 15:32:14.837	97891
5676	1	Train	2012-04-03 01:34:38.887	393261
5676	1	Train	2012-04-03 01:39:13.29	968934
5676	1	Train	2012-04-03 01:36:18.63	534232
5676	1	Train	2012-04-03 01:34:56.09	472187
5676	1	Train	2012-04-03 01:32:26.517	169435
5676	1	Train	2012-04-03 01:33:16.487	281032
5686	1	Train	2012-04-18 00:12:12.803	858360
5686	1	Train	2012-04-02 21:20:21.153	971787
5692	1	Train	2012-04-07 12:42:52.41	871080
5725	1	Train	2012-04-20 13:09:09.837	463233
5725	1	Train	2012-04-20 13:10:39.113	189599
5725	1	Train	2012-04-03 11:14:51.697	964615
5725	1	Train	2012-04-05 10:34:27.25	340464
5726	1	Train	2012-04-03 10:07:03.61	742460
5748	1	Train	2012-04-08 22:45:24.653	897028
5751	1	Train	2012-04-03 12:20:27.787	222842
5751	1	Train	2012-04-03 11:43:49.65	607654
5751	1	Train	2012-04-03 11:31:45.887	922513
5762	1	Train	2012-04-09 21:01:01.873	392746
5762	1	Train	2012-04-09 21:19:19.987	432746
5767	1	Train	2012-04-05 17:42:21.653	331722
5874	1	Train	2012-04-02 05:18:52.81	199268
5874	1	Train	2012-04-09 07:33:54.463	739987
5874	1	Train	2012-04-02 05:17:03.263	441582
5874	1	Train	2012-04-09 07:20:36.683	843069
5874	1	Train	2012-04-09 07:32:42.063	1035183
5874	1	Train	2012-04-09 07:21:42.183	1019342
5874	1	Train	2012-04-02 05:17:24.35	62964
5874	1	Train	2012-04-09 07:22:13.47	490628
5939	1	Train	2012-04-03 14:47:39.573	328023
5965	1	Train	2012-04-02 21:51:57.443	634272
5965	1	Train	2012-04-05 11:45:45.067	872833
5976	1	Train	2012-04-04 09:50:43.567	315471
5976	1	Train	2012-04-04 09:59:49.97	1040591
5976	1	Train	2012-04-04 10:03:47.34	355020
5976	1	Train	2012-04-04 09:31:04.313	85300
6004	1	Train	2012-04-04 20:54:51.927	680723
6047	1	Train	2012-04-01 13:46:03.89	363373
6047	1	Train	2012-04-01 13:46:03.97	497069
6047	1	Train	2012-04-01 13:46:03.863	796971
6049	1	Train	2012-04-06 17:19:50.41	630500
6049	1	Train	2012-04-06 17:22:00.057	986521
6049	1	Train	2012-04-01 14:03:08.223	14268
